088 l 1 b 1;file:Wirzbięta-14_PT11_565.djvu?djvuopts=&page=1&highlight=57,347,61,69;Wirzbięta-14_PT11_565 l 1 b 1; ※
088 l 1 b 2;file:Wirzbięta-14_PT11_565.djvu?djvuopts=&page=1&highlight=127,347,44,69;Wirzbięta-14_PT11_565 l 1 b 2; ※
088 l 1 b 3;file:Wirzbięta-14_PT11_565.djvu?djvuopts=&page=1&highlight=181,347,62,69;Wirzbięta-14_PT11_565 l 1 b 3; ※
088 l 1 b 4;file:Wirzbięta-14_PT11_565.djvu?djvuopts=&page=1&highlight=255,347,34,69;Wirzbięta-14_PT11_565 l 1 b 4; ※
088 l 1 b 5;file:Wirzbięta-14_PT11_565.djvu?djvuopts=&page=1&highlight=301,347,34,69;Wirzbięta-14_PT11_565 l 1 b 5; ※
088 l 1 b 6;file:Wirzbięta-14_PT11_565.djvu?djvuopts=&page=1&highlight=347,347,49,69;Wirzbięta-14_PT11_565 l 1 b 6; ※
088 l 1 b 7;file:Wirzbięta-14_PT11_565.djvu?djvuopts=&page=1&highlight=405,347,37,69;Wirzbięta-14_PT11_565 l 1 b 7; ※
088 l 1 b 8;file:Wirzbięta-14_PT11_565.djvu?djvuopts=&page=1&highlight=451,347,45,69;Wirzbięta-14_PT11_565 l 1 b 8; ※
088 l 1 b 9;file:Wirzbięta-14_PT11_565.djvu?djvuopts=&page=1&highlight=507,347,40,69;Wirzbięta-14_PT11_565 l 1 b 9; ※
088 l 1 b 10;file:Wirzbięta-14_PT11_565.djvu?djvuopts=&page=1&highlight=560,347,53,69;Wirzbięta-14_PT11_565 l 1 b 10; ※
088 l 1 b 11;file:Wirzbięta-14_PT11_565.djvu?djvuopts=&page=1&highlight=625,347,30,69;Wirzbięta-14_PT11_565 l 1 b 11; ※
088 l 1 b 12;file:Wirzbięta-14_PT11_565.djvu?djvuopts=&page=1&highlight=667,347,51,69;Wirzbięta-14_PT11_565 l 1 b 12; ※
088 l 1 b 13;file:Wirzbięta-14_PT11_565.djvu?djvuopts=&page=1&highlight=731,347,38,69;Wirzbięta-14_PT11_565 l 1 b 13; ※
088 l 1 b 14;file:Wirzbięta-14_PT11_565.djvu?djvuopts=&page=1&highlight=782,347,60,69;Wirzbięta-14_PT11_565 l 1 b 14; ※
088 l 1 b 15;file:Wirzbięta-14_PT11_565.djvu?djvuopts=&page=1&highlight=849,347,60,69;Wirzbięta-14_PT11_565 l 1 b 15; ※
088 l 1 b 16;file:Wirzbięta-14_PT11_565.djvu?djvuopts=&page=1&highlight=916,347,34,69;Wirzbięta-14_PT11_565 l 1 b 16; ※
088 l 1 b 17;file:Wirzbięta-14_PT11_565.djvu?djvuopts=&page=1&highlight=962,347,36,69;Wirzbięta-14_PT11_565 l 1 b 17; ※
088 l 1 b 18;file:Wirzbięta-14_PT11_565.djvu?djvuopts=&page=1&highlight=1010,347,68,69;Wirzbięta-14_PT11_565 l 1 b 18; ※
088 l 1 b 19;file:Wirzbięta-14_PT11_565.djvu?djvuopts=&page=1&highlight=1084,347,63,69;Wirzbięta-14_PT11_565 l 1 b 19; ※
088 l 1 b 20;file:Wirzbięta-14_PT11_565.djvu?djvuopts=&page=1&highlight=1161,347,40,69;Wirzbięta-14_PT11_565 l 1 b 20; ※
088 l 1 b 21;file:Wirzbięta-14_PT11_565.djvu?djvuopts=&page=1&highlight=1215,347,35,69;Wirzbięta-14_PT11_565 l 1 b 21; ※
088 l 1 b 22;file:Wirzbięta-14_PT11_565.djvu?djvuopts=&page=1&highlight=1266,347,49,69;Wirzbięta-14_PT11_565 l 1 b 22; ※
088 l 1 b 23;file:Wirzbięta-14_PT11_565.djvu?djvuopts=&page=1&highlight=1326,347,51,69;Wirzbięta-14_PT11_565 l 1 b 23; ※
088 l 1 b 24;file:Wirzbięta-14_PT11_565.djvu?djvuopts=&page=1&highlight=1391,347,48,69;Wirzbięta-14_PT11_565 l 1 b 24; ※
088 l 1 b 25;file:Wirzbięta-14_PT11_565.djvu?djvuopts=&page=1&highlight=1453,347,46,69;Wirzbięta-14_PT11_565 l 1 b 25; ※
088 l 1 b 26;file:Wirzbięta-14_PT11_565.djvu?djvuopts=&page=1&highlight=1507,347,3,69;Wirzbięta-14_PT11_565 l 1 b 26; ※
088 l 1 b 27;file:Wirzbięta-14_PT11_565.djvu?djvuopts=&page=1&highlight=1514,347,41,69;Wirzbięta-14_PT11_565 l 1 b 27; ※
088 l 2 b 1;file:Wirzbięta-14_PT11_565.djvu?djvuopts=&page=1&highlight=57,252,24,70;Wirzbięta-14_PT11_565 l 2 b 1; ※
088 l 2 b 2;file:Wirzbięta-14_PT11_565.djvu?djvuopts=&page=1&highlight=92,252,27,70;Wirzbięta-14_PT11_565 l 2 b 2; ※
088 l 2 b 3;file:Wirzbięta-14_PT11_565.djvu?djvuopts=&page=1&highlight=127,252,22,70;Wirzbięta-14_PT11_565 l 2 b 3; ※
088 l 2 b 4;file:Wirzbięta-14_PT11_565.djvu?djvuopts=&page=1&highlight=161,252,28,70;Wirzbięta-14_PT11_565 l 2 b 4; ※
088 l 2 b 5;file:Wirzbięta-14_PT11_565.djvu?djvuopts=&page=1&highlight=201,252,26,70;Wirzbięta-14_PT11_565 l 2 b 5; ※
088 l 2 b 6;file:Wirzbięta-14_PT11_565.djvu?djvuopts=&page=1&highlight=237,252,29,70;Wirzbięta-14_PT11_565 l 2 b 6; ※
088 l 2 b 7;file:Wirzbięta-14_PT11_565.djvu?djvuopts=&page=1&highlight=277,252,29,70;Wirzbięta-14_PT11_565 l 2 b 7; ※
088 l 2 b 8;file:Wirzbięta-14_PT11_565.djvu?djvuopts=&page=1&highlight=315,252,45,70;Wirzbięta-14_PT11_565 l 2 b 8; ※
088 l 2 b 9;file:Wirzbięta-14_PT11_565.djvu?djvuopts=&page=1&highlight=372,252,26,70;Wirzbięta-14_PT11_565 l 2 b 9; ※
088 l 2 b 10;file:Wirzbięta-14_PT11_565.djvu?djvuopts=&page=1&highlight=408,252,22,70;Wirzbięta-14_PT11_565 l 2 b 10; ※
088 l 2 b 11;file:Wirzbięta-14_PT11_565.djvu?djvuopts=&page=1&highlight=440,252,39,70;Wirzbięta-14_PT11_565 l 2 b 11; ※
088 l 2 b 12;file:Wirzbięta-14_PT11_565.djvu?djvuopts=&page=1&highlight=488,252,29,70;Wirzbięta-14_PT11_565 l 2 b 12; ※
088 l 2 b 13;file:Wirzbięta-14_PT11_565.djvu?djvuopts=&page=1&highlight=529,252,20,70;Wirzbięta-14_PT11_565 l 2 b 13; ※
088 l 2 b 14;file:Wirzbięta-14_PT11_565.djvu?djvuopts=&page=1&highlight=560,252,45,70;Wirzbięta-14_PT11_565 l 2 b 14; ※
088 l 2 b 15;file:Wirzbięta-14_PT11_565.djvu?djvuopts=&page=1&highlight=617,252,23,70;Wirzbięta-14_PT11_565 l 2 b 15; ※
088 l 2 b 16;file:Wirzbięta-14_PT11_565.djvu?djvuopts=&page=1&highlight=651,252,21,70;Wirzbięta-14_PT11_565 l 2 b 16; ※
088 l 2 b 17;file:Wirzbięta-14_PT11_565.djvu?djvuopts=&page=1&highlight=687,252,20,70;Wirzbięta-14_PT11_565 l 2 b 17; ※
088 l 2 b 18;file:Wirzbięta-14_PT11_565.djvu?djvuopts=&page=1&highlight=718,252,22,70;Wirzbięta-14_PT11_565 l 2 b 18; ※
088 l 2 b 19;file:Wirzbięta-14_PT11_565.djvu?djvuopts=&page=1&highlight=752,252,24,70;Wirzbięta-14_PT11_565 l 2 b 19; ※
088 l 2 b 20;file:Wirzbięta-14_PT11_565.djvu?djvuopts=&page=1&highlight=783,252,21,70;Wirzbięta-14_PT11_565 l 2 b 20; ※
088 l 2 b 21;file:Wirzbięta-14_PT11_565.djvu?djvuopts=&page=1&highlight=811,252,127,70;Wirzbięta-14_PT11_565 l 2 b 21; ※
088 l 2 b 22;file:Wirzbięta-14_PT11_565.djvu?djvuopts=&page=1&highlight=949,252,39,70;Wirzbięta-14_PT11_565 l 2 b 22; ※
088 l 2 b 23;file:Wirzbięta-14_PT11_565.djvu?djvuopts=&page=1&highlight=995,252,30,70;Wirzbięta-14_PT11_565 l 2 b 23; ※
088 l 2 b 24;file:Wirzbięta-14_PT11_565.djvu?djvuopts=&page=1&highlight=1035,252,25,70;Wirzbięta-14_PT11_565 l 2 b 24; ※
088 l 2 b 25;file:Wirzbięta-14_PT11_565.djvu?djvuopts=&page=1&highlight=1075,252,14,70;Wirzbięta-14_PT11_565 l 2 b 25; ※
088 l 2 b 26;file:Wirzbięta-14_PT11_565.djvu?djvuopts=&page=1&highlight=1101,252,20,70;Wirzbięta-14_PT11_565 l 2 b 26; ※
088 l 2 b 27;file:Wirzbięta-14_PT11_565.djvu?djvuopts=&page=1&highlight=1128,252,16,70;Wirzbięta-14_PT11_565 l 2 b 27; ※
088 l 2 b 28;file:Wirzbięta-14_PT11_565.djvu?djvuopts=&page=1&highlight=1154,252,21,70;Wirzbięta-14_PT11_565 l 2 b 28; ※
088 l 2 b 29;file:Wirzbięta-14_PT11_565.djvu?djvuopts=&page=1&highlight=1185,252,26,70;Wirzbięta-14_PT11_565 l 2 b 29; ※
088 l 2 b 30;file:Wirzbięta-14_PT11_565.djvu?djvuopts=&page=1&highlight=1222,252,40,70;Wirzbięta-14_PT11_565 l 2 b 30; ※
088 l 2 b 31;file:Wirzbięta-14_PT11_565.djvu?djvuopts=&page=1&highlight=1275,252,33,70;Wirzbięta-14_PT11_565 l 2 b 31; ※
088 l 2 b 32;file:Wirzbięta-14_PT11_565.djvu?djvuopts=&page=1&highlight=1320,252,24,70;Wirzbięta-14_PT11_565 l 2 b 32; ※
088 l 2 b 33;file:Wirzbięta-14_PT11_565.djvu?djvuopts=&page=1&highlight=1354,252,39,70;Wirzbięta-14_PT11_565 l 2 b 33; ※
088 l 2 b 34;file:Wirzbięta-14_PT11_565.djvu?djvuopts=&page=1&highlight=1403,252,21,70;Wirzbięta-14_PT11_565 l 2 b 34; ※
088 l 2 b 35;file:Wirzbięta-14_PT11_565.djvu?djvuopts=&page=1&highlight=1433,252,31,70;Wirzbięta-14_PT11_565 l 2 b 35; ※
088 l 2 b 36;file:Wirzbięta-14_PT11_565.djvu?djvuopts=&page=1&highlight=1474,252,41,70;Wirzbięta-14_PT11_565 l 2 b 36; ※
088 l 2 b 37;file:Wirzbięta-14_PT11_565.djvu?djvuopts=&page=1&highlight=1527,252,28,70;Wirzbięta-14_PT11_565 l 2 b 37; ※
088 l 3 b 1;file:Wirzbięta-14_PT11_565.djvu?djvuopts=&page=1&highlight=59,154,54,77;Wirzbięta-14_PT11_565 l 3 b 1; ※
088 l 3 b 2;file:Wirzbięta-14_PT11_565.djvu?djvuopts=&page=1&highlight=125,154,22,77;Wirzbięta-14_PT11_565 l 3 b 2; ※
088 l 3 b 3;file:Wirzbięta-14_PT11_565.djvu?djvuopts=&page=1&highlight=155,154,23,77;Wirzbięta-14_PT11_565 l 3 b 3; ※
088 l 3 b 4;file:Wirzbięta-14_PT11_565.djvu?djvuopts=&page=1&highlight=190,154,22,77;Wirzbięta-14_PT11_565 l 3 b 4; ※
088 l 3 b 5;file:Wirzbięta-14_PT11_565.djvu?djvuopts=&page=1&highlight=224,154,24,77;Wirzbięta-14_PT11_565 l 3 b 5; ※
088 l 3 b 6;file:Wirzbięta-14_PT11_565.djvu?djvuopts=&page=1&highlight=256,154,22,77;Wirzbięta-14_PT11_565 l 3 b 6; ※
088 l 3 b 7;file:Wirzbięta-14_PT11_565.djvu?djvuopts=&page=1&highlight=288,154,31,77;Wirzbięta-14_PT11_565 l 3 b 7; ※
088 l 3 b 8;file:Wirzbięta-14_PT11_565.djvu?djvuopts=&page=1&highlight=327,154,28,77;Wirzbięta-14_PT11_565 l 3 b 8; ※
088 l 3 b 9;file:Wirzbięta-14_PT11_565.djvu?djvuopts=&page=1&highlight=364,154,29,77;Wirzbięta-14_PT11_565 l 3 b 9; ※
088 l 3 b 10;file:Wirzbięta-14_PT11_565.djvu?djvuopts=&page=1&highlight=401,154,29,77;Wirzbięta-14_PT11_565 l 3 b 10; ※
088 l 3 b 11;file:Wirzbięta-14_PT11_565.djvu?djvuopts=&page=1&highlight=438,154,45,77;Wirzbięta-14_PT11_565 l 3 b 11; ※
088 l 3 b 12;file:Wirzbięta-14_PT11_565.djvu?djvuopts=&page=1&highlight=492,154,26,77;Wirzbięta-14_PT11_565 l 3 b 12; ※
088 l 3 b 13;file:Wirzbięta-14_PT11_565.djvu?djvuopts=&page=1&highlight=528,154,29,77;Wirzbięta-14_PT11_565 l 3 b 13; ※
088 l 3 b 14;file:Wirzbięta-14_PT11_565.djvu?djvuopts=&page=1&highlight=565,154,27,77;Wirzbięta-14_PT11_565 l 3 b 14; ※
088 l 3 b 15;file:Wirzbięta-14_PT11_565.djvu?djvuopts=&page=1&highlight=601,154,29,77;Wirzbięta-14_PT11_565 l 3 b 15; ※
088 l 3 b 16;file:Wirzbięta-14_PT11_565.djvu?djvuopts=&page=1&highlight=643,154,30,77;Wirzbięta-14_PT11_565 l 3 b 16; ※
088 l 3 b 17;file:Wirzbięta-14_PT11_565.djvu?djvuopts=&page=1&highlight=685,154,31,77;Wirzbięta-14_PT11_565 l 3 b 17; ※
088 l 3 b 18;file:Wirzbięta-14_PT11_565.djvu?djvuopts=&page=1&highlight=727,154,25,77;Wirzbięta-14_PT11_565 l 3 b 18; ※
088 l 3 b 19;file:Wirzbięta-14_PT11_565.djvu?djvuopts=&page=1&highlight=758,154,18,77;Wirzbięta-14_PT11_565 l 3 b 19; ※
088 l 3 b 20;file:Wirzbięta-14_PT11_565.djvu?djvuopts=&page=1&highlight=786,154,41,77;Wirzbięta-14_PT11_565 l 3 b 20; ※
088 l 3 b 21;file:Wirzbięta-14_PT11_565.djvu?djvuopts=&page=1&highlight=835,154,38,77;Wirzbięta-14_PT11_565 l 3 b 21; ※
088 l 3 b 22;file:Wirzbięta-14_PT11_565.djvu?djvuopts=&page=1&highlight=878,154,99,77;Wirzbięta-14_PT11_565 l 3 b 22; ※
088 l 3 b 23;file:Wirzbięta-14_PT11_565.djvu?djvuopts=&page=1&highlight=983,154,127,77;Wirzbięta-14_PT11_565 l 3 b 23; ※
088 l 3 b 24;file:Wirzbięta-14_PT11_565.djvu?djvuopts=&page=1&highlight=1118,154,32,77;Wirzbięta-14_PT11_565 l 3 b 24; ※
088 l 3 b 25;file:Wirzbięta-14_PT11_565.djvu?djvuopts=&page=1&highlight=1162,154,18,77;Wirzbięta-14_PT11_565 l 3 b 25; ※
088 l 3 b 26;file:Wirzbięta-14_PT11_565.djvu?djvuopts=&page=1&highlight=1191,154,28,77;Wirzbięta-14_PT11_565 l 3 b 26; ※
088 l 3 b 27;file:Wirzbięta-14_PT11_565.djvu?djvuopts=&page=1&highlight=1231,154,27,77;Wirzbięta-14_PT11_565 l 3 b 27; ※
088 l 3 b 28;file:Wirzbięta-14_PT11_565.djvu?djvuopts=&page=1&highlight=1270,154,25,77;Wirzbięta-14_PT11_565 l 3 b 28; ※
088 l 3 b 29;file:Wirzbięta-14_PT11_565.djvu?djvuopts=&page=1&highlight=1311,154,28,77;Wirzbięta-14_PT11_565 l 3 b 29; ※
088 l 3 b 30;file:Wirzbięta-14_PT11_565.djvu?djvuopts=&page=1&highlight=1358,154,27,77;Wirzbięta-14_PT11_565 l 3 b 30; ※
088 l 3 b 31;file:Wirzbięta-14_PT11_565.djvu?djvuopts=&page=1&highlight=1403,154,46,77;Wirzbięta-14_PT11_565 l 3 b 31; ※
088 l 3 b 32;file:Wirzbięta-14_PT11_565.djvu?djvuopts=&page=1&highlight=1462,154,38,77;Wirzbięta-14_PT11_565 l 3 b 32; ※
088 l 3 b 33;file:Wirzbięta-14_PT11_565.djvu?djvuopts=&page=1&highlight=1515,154,39,77;Wirzbięta-14_PT11_565 l 3 b 33; ※
088 l 4 b 1;file:Wirzbięta-14_PT11_565.djvu?djvuopts=&page=1&highlight=61,62,27,73;Wirzbięta-14_PT11_565 l 4 b 1; ※
088 l 4 b 2;file:Wirzbięta-14_PT11_565.djvu?djvuopts=&page=1&highlight=97,62,26,73;Wirzbięta-14_PT11_565 l 4 b 2; ※
088 l 4 b 3;file:Wirzbięta-14_PT11_565.djvu?djvuopts=&page=1&highlight=135,62,38,73;Wirzbięta-14_PT11_565 l 4 b 3; ※
088 l 4 b 4;file:Wirzbięta-14_PT11_565.djvu?djvuopts=&page=1&highlight=186,62,18,73;Wirzbięta-14_PT11_565 l 4 b 4; ※
088 l 4 b 5;file:Wirzbięta-14_PT11_565.djvu?djvuopts=&page=1&highlight=217,62,34,73;Wirzbięta-14_PT11_565 l 4 b 5; ※
088 l 4 b 6;file:Wirzbięta-14_PT11_565.djvu?djvuopts=&page=1&highlight=331,62,61,73;Wirzbięta-14_PT11_565 l 4 b 6; ※
088 l 4 b 7;file:Wirzbięta-14_PT11_565.djvu?djvuopts=&page=1&highlight=441,62,18,73;Wirzbięta-14_PT11_565 l 4 b 7; ※
088 l 4 b 8;file:Wirzbięta-14_PT11_565.djvu?djvuopts=&page=1&highlight=470,62,16,73;Wirzbięta-14_PT11_565 l 4 b 8; ※
088 l 4 b 9;file:Wirzbięta-14_PT11_565.djvu?djvuopts=&page=1&highlight=497,62,26,73;Wirzbięta-14_PT11_565 l 4 b 9; ※
088 l 4 b 10;file:Wirzbięta-14_PT11_565.djvu?djvuopts=&page=1&highlight=532,62,38,73;Wirzbięta-14_PT11_565 l 4 b 10; ※
088 l 4 b 11;file:Wirzbięta-14_PT11_565.djvu?djvuopts=&page=1&highlight=582,62,24,73;Wirzbięta-14_PT11_565 l 4 b 11; ※
088 l 4 b 12;file:Wirzbięta-14_PT11_565.djvu?djvuopts=&page=1&highlight=676,62,39,73;Wirzbięta-14_PT11_565 l 4 b 12; ※
088 l 4 b 13;file:Wirzbięta-14_PT11_565.djvu?djvuopts=&page=1&highlight=727,62,18,73;Wirzbięta-14_PT11_565 l 4 b 13; ※
088 l 4 b 14;file:Wirzbięta-14_PT11_565.djvu?djvuopts=&page=1&highlight=756,62,55,73;Wirzbięta-14_PT11_565 l 4 b 14; ※
088 l 4 b 15;file:Wirzbięta-14_PT11_565.djvu?djvuopts=&page=1&highlight=883,62,28,73;Wirzbięta-14_PT11_565 l 4 b 15; ※
088 l 4 b 16;file:Wirzbięta-14_PT11_565.djvu?djvuopts=&page=1&highlight=925,62,29,73;Wirzbięta-14_PT11_565 l 4 b 16; ※
088 l 4 b 17;file:Wirzbięta-14_PT11_565.djvu?djvuopts=&page=1&highlight=966,62,24,73;Wirzbięta-14_PT11_565 l 4 b 17; ※
088 l 4 b 18;file:Wirzbięta-14_PT11_565.djvu?djvuopts=&page=1&highlight=1000,62,13,73;Wirzbięta-14_PT11_565 l 4 b 18; ※
088 l 4 b 19;file:Wirzbięta-14_PT11_565.djvu?djvuopts=&page=1&highlight=1026,62,22,73;Wirzbięta-14_PT11_565 l 4 b 19; ※
088 l 4 b 20;file:Wirzbięta-14_PT11_565.djvu?djvuopts=&page=1&highlight=1061,62,14,73;Wirzbięta-14_PT11_565 l 4 b 20; ※
088 l 4 b 21;file:Wirzbięta-14_PT11_565.djvu?djvuopts=&page=1&highlight=1091,62,12,73;Wirzbięta-14_PT11_565 l 4 b 21; ※
088 l 4 b 22;file:Wirzbięta-14_PT11_565.djvu?djvuopts=&page=1&highlight=1185,62,25,73;Wirzbięta-14_PT11_565 l 4 b 22; ※
088 l 4 b 23;file:Wirzbięta-14_PT11_565.djvu?djvuopts=&page=1&highlight=1225,62,15,73;Wirzbięta-14_PT11_565 l 4 b 23; ※
088 l 4 b 24;file:Wirzbięta-14_PT11_565.djvu?djvuopts=&page=1&highlight=1254,62,22,73;Wirzbięta-14_PT11_565 l 4 b 24; ※
088 l 4 b 25;file:Wirzbięta-14_PT11_565.djvu?djvuopts=&page=1&highlight=1289,62,20,73;Wirzbięta-14_PT11_565 l 4 b 25; ※
088 l 4 b 26;file:Wirzbięta-14_PT11_565.djvu?djvuopts=&page=1&highlight=1327,62,35,73;Wirzbięta-14_PT11_565 l 4 b 26; ※
088 l 4 b 27;file:Wirzbięta-14_PT11_565.djvu?djvuopts=&page=1&highlight=1378,62,22,73;Wirzbięta-14_PT11_565 l 4 b 27; ※
088 l 4 b 28;file:Wirzbięta-14_PT11_565.djvu?djvuopts=&page=1&highlight=1415,62,28,73;Wirzbięta-14_PT11_565 l 4 b 28; ※
088 l 4 b 29;file:Wirzbięta-14_PT11_565.djvu?djvuopts=&page=1&highlight=1457,62,24,73;Wirzbięta-14_PT11_565 l 4 b 29; ※
088 l 4 b 30;file:Wirzbięta-14_PT11_565.djvu?djvuopts=&page=1&highlight=1494,62,23,73;Wirzbięta-14_PT11_565 l 4 b 30; ※
088 l 4 b 31;file:Wirzbięta-14_PT11_565.djvu?djvuopts=&page=1&highlight=1528,62,25,73;Wirzbięta-14_PT11_565 l 4 b 31; ※
