021 l 1 b 1;file:Haller-02_PT04_165.djvu?djvuopts=&page=1&highlight=43,445,120,130;Haller-02_PT04_165 l 1 b 1; ※
021 l 1 b 2;file:Haller-02_PT04_165.djvu?djvuopts=&page=1&highlight=184,445,138,130;Haller-02_PT04_165 l 1 b 2; ※
021 l 1 b 3;file:Haller-02_PT04_165.djvu?djvuopts=&page=1&highlight=337,445,107,130;Haller-02_PT04_165 l 1 b 3; ※
021 l 1 b 4;file:Haller-02_PT04_165.djvu?djvuopts=&page=1&highlight=466,445,126,130;Haller-02_PT04_165 l 1 b 4; ※
021 l 1 b 5;file:Haller-02_PT04_165.djvu?djvuopts=&page=1&highlight=609,445,102,130;Haller-02_PT04_165 l 1 b 5; ※
021 l 1 b 6;file:Haller-02_PT04_165.djvu?djvuopts=&page=1&highlight=730,445,88,130;Haller-02_PT04_165 l 1 b 6; ※
021 l 1 b 7;file:Haller-02_PT04_165.djvu?djvuopts=&page=1&highlight=839,445,116,130;Haller-02_PT04_165 l 1 b 7; ※
021 l 1 b 8;file:Haller-02_PT04_165.djvu?djvuopts=&page=1&highlight=974,445,101,130;Haller-02_PT04_165 l 1 b 8; ※
021 l 1 b 9;file:Haller-02_PT04_165.djvu?djvuopts=&page=1&highlight=1091,445,89,130;Haller-02_PT04_165 l 1 b 9; ※
021 l 1 b 10;file:Haller-02_PT04_165.djvu?djvuopts=&page=1&highlight=1198,445,105,130;Haller-02_PT04_165 l 1 b 10; ※
021 l 1 b 11;file:Haller-02_PT04_165.djvu?djvuopts=&page=1&highlight=1318,445,145,130;Haller-02_PT04_165 l 1 b 11; ※
021 l 1 b 12;file:Haller-02_PT04_165.djvu?djvuopts=&page=1&highlight=1480,445,120,130;Haller-02_PT04_165 l 1 b 12; ※
021 l 1 b 13;file:Haller-02_PT04_165.djvu?djvuopts=&page=1&highlight=1616,445,126,130;Haller-02_PT04_165 l 1 b 13; ※
021 l 1 b 14;file:Haller-02_PT04_165.djvu?djvuopts=&page=1&highlight=1756,445,47,130;Haller-02_PT04_165 l 1 b 14; ※
021 l 1 b 15;file:Haller-02_PT04_165.djvu?djvuopts=&page=1&highlight=1809,445,72,130;Haller-02_PT04_165 l 1 b 15; ※
021 l 1 b 16;file:Haller-02_PT04_165.djvu?djvuopts=&page=1&highlight=1898,445,126,130;Haller-02_PT04_165 l 1 b 16; ※
021 l 1 b 17;file:Haller-02_PT04_165.djvu?djvuopts=&page=1&highlight=2040,445,78,130;Haller-02_PT04_165 l 1 b 17; ※
021 l 1 b 18;file:Haller-02_PT04_165.djvu?djvuopts=&page=1&highlight=2132,445,97,130;Haller-02_PT04_165 l 1 b 18; ※
021 l 1 b 19;file:Haller-02_PT04_165.djvu?djvuopts=&page=1&highlight=2249,445,130,130;Haller-02_PT04_165 l 1 b 19; ※
021 l 1 b 20;file:Haller-02_PT04_165.djvu?djvuopts=&page=1&highlight=2382,445,11,130;Haller-02_PT04_165 l 1 b 20; ※
021 l 1 b 21;file:Haller-02_PT04_165.djvu?djvuopts=&page=1&highlight=2398,445,108,130;Haller-02_PT04_165 l 1 b 21; ※
021 l 1 b 22;file:Haller-02_PT04_165.djvu?djvuopts=&page=1&highlight=2522,445,132,130;Haller-02_PT04_165 l 1 b 22; ※
021 l 1 b 23;file:Haller-02_PT04_165.djvu?djvuopts=&page=1&highlight=2673,445,96,130;Haller-02_PT04_165 l 1 b 23; ※
021 l 2 b 1;file:Haller-02_PT04_165.djvu?djvuopts=&page=1&highlight=45,292,60,139;Haller-02_PT04_165 l 2 b 1; ※
021 l 2 b 2;file:Haller-02_PT04_165.djvu?djvuopts=&page=1&highlight=116,292,55,139;Haller-02_PT04_165 l 2 b 2; ※
021 l 2 b 3;file:Haller-02_PT04_165.djvu?djvuopts=&page=1&highlight=185,292,67,139;Haller-02_PT04_165 l 2 b 3; ※
021 l 2 b 4;file:Haller-02_PT04_165.djvu?djvuopts=&page=1&highlight=263,292,64,139;Haller-02_PT04_165 l 2 b 4; ※
021 l 2 b 5;file:Haller-02_PT04_165.djvu?djvuopts=&page=1&highlight=341,292,62,139;Haller-02_PT04_165 l 2 b 5; ※
021 l 2 b 6;file:Haller-02_PT04_165.djvu?djvuopts=&page=1&highlight=420,292,45,139;Haller-02_PT04_165 l 2 b 6; ※
021 l 2 b 7;file:Haller-02_PT04_165.djvu?djvuopts=&page=1&highlight=480,292,52,139;Haller-02_PT04_165 l 2 b 7; ※
021 l 2 b 8;file:Haller-02_PT04_165.djvu?djvuopts=&page=1&highlight=551,292,54,139;Haller-02_PT04_165 l 2 b 8; ※
021 l 2 b 9;file:Haller-02_PT04_165.djvu?djvuopts=&page=1&highlight=618,292,54,139;Haller-02_PT04_165 l 2 b 9; ※
021 l 2 b 10;file:Haller-02_PT04_165.djvu?djvuopts=&page=1&highlight=691,292,56,139;Haller-02_PT04_165 l 2 b 10; ※
021 l 2 b 11;file:Haller-02_PT04_165.djvu?djvuopts=&page=1&highlight=765,292,62,139;Haller-02_PT04_165 l 2 b 11; ※
021 l 2 b 12;file:Haller-02_PT04_165.djvu?djvuopts=&page=1&highlight=841,292,47,139;Haller-02_PT04_165 l 2 b 12; ※
021 l 2 b 13;file:Haller-02_PT04_165.djvu?djvuopts=&page=1&highlight=902,292,50,139;Haller-02_PT04_165 l 2 b 13; ※
021 l 2 b 14;file:Haller-02_PT04_165.djvu?djvuopts=&page=1&highlight=969,292,53,139;Haller-02_PT04_165 l 2 b 14; ※
021 l 2 b 15;file:Haller-02_PT04_165.djvu?djvuopts=&page=1&highlight=1041,292,64,139;Haller-02_PT04_165 l 2 b 15; ※
021 l 2 b 16;file:Haller-02_PT04_165.djvu?djvuopts=&page=1&highlight=1113,292,46,139;Haller-02_PT04_165 l 2 b 16; ※
021 l 2 b 17;file:Haller-02_PT04_165.djvu?djvuopts=&page=1&highlight=1165,292,50,139;Haller-02_PT04_165 l 2 b 17; ※
021 l 2 b 18;file:Haller-02_PT04_165.djvu?djvuopts=&page=1&highlight=1220,292,149,139;Haller-02_PT04_165 l 2 b 18; ※
021 l 2 b 19;file:Haller-02_PT04_165.djvu?djvuopts=&page=1&highlight=1384,292,64,139;Haller-02_PT04_165 l 2 b 19; ※
021 l 2 b 20;file:Haller-02_PT04_165.djvu?djvuopts=&page=1&highlight=1462,292,67,139;Haller-02_PT04_165 l 2 b 20; ※
021 l 2 b 21;file:Haller-02_PT04_165.djvu?djvuopts=&page=1&highlight=1542,292,60,139;Haller-02_PT04_165 l 2 b 21; ※
021 l 2 b 22;file:Haller-02_PT04_165.djvu?djvuopts=&page=1&highlight=1616,292,72,139;Haller-02_PT04_165 l 2 b 22; ※
021 l 2 b 23;file:Haller-02_PT04_165.djvu?djvuopts=&page=1&highlight=1709,292,27,139;Haller-02_PT04_165 l 2 b 23; ※
021 l 2 b 24;file:Haller-02_PT04_165.djvu?djvuopts=&page=1&highlight=1752,292,30,139;Haller-02_PT04_165 l 2 b 24; ※
021 l 2 b 25;file:Haller-02_PT04_165.djvu?djvuopts=&page=1&highlight=1793,292,34,139;Haller-02_PT04_165 l 2 b 25; ※
021 l 2 b 26;file:Haller-02_PT04_165.djvu?djvuopts=&page=1&highlight=1838,292,33,139;Haller-02_PT04_165 l 2 b 26; ※
021 l 2 b 27;file:Haller-02_PT04_165.djvu?djvuopts=&page=1&highlight=1888,292,31,139;Haller-02_PT04_165 l 2 b 27; ※
021 l 2 b 28;file:Haller-02_PT04_165.djvu?djvuopts=&page=1&highlight=1928,292,31,139;Haller-02_PT04_165 l 2 b 28; ※
021 l 2 b 29;file:Haller-02_PT04_165.djvu?djvuopts=&page=1&highlight=1965,292,53,139;Haller-02_PT04_165 l 2 b 29; ※
021 l 2 b 30;file:Haller-02_PT04_165.djvu?djvuopts=&page=1&highlight=2021,292,2,139;Haller-02_PT04_165 l 2 b 30; ※
021 l 2 b 31;file:Haller-02_PT04_165.djvu?djvuopts=&page=1&highlight=2029,292,60,139;Haller-02_PT04_165 l 2 b 31; ※
021 l 2 b 32;file:Haller-02_PT04_165.djvu?djvuopts=&page=1&highlight=2098,292,28,139;Haller-02_PT04_165 l 2 b 32; ※
021 l 2 b 33;file:Haller-02_PT04_165.djvu?djvuopts=&page=1&highlight=2135,292,43,139;Haller-02_PT04_165 l 2 b 33; ※
021 l 2 b 34;file:Haller-02_PT04_165.djvu?djvuopts=&page=1&highlight=2182,292,101,139;Haller-02_PT04_165 l 2 b 34; ※
021 l 2 b 35;file:Haller-02_PT04_165.djvu?djvuopts=&page=1&highlight=2299,292,94,139;Haller-02_PT04_165 l 2 b 35; ※
021 l 2 b 36;file:Haller-02_PT04_165.djvu?djvuopts=&page=1&highlight=2405,292,70,139;Haller-02_PT04_165 l 2 b 36; ※
021 l 2 b 37;file:Haller-02_PT04_165.djvu?djvuopts=&page=1&highlight=2483,292,68,139;Haller-02_PT04_165 l 2 b 37; ※
021 l 2 b 38;file:Haller-02_PT04_165.djvu?djvuopts=&page=1&highlight=2561,292,62,139;Haller-02_PT04_165 l 2 b 38; ※
021 l 2 b 39;file:Haller-02_PT04_165.djvu?djvuopts=&page=1&highlight=2630,292,65,139;Haller-02_PT04_165 l 2 b 39; ※
021 l 2 b 40;file:Haller-02_PT04_165.djvu?djvuopts=&page=1&highlight=2709,292,65,139;Haller-02_PT04_165 l 2 b 40; ※
021 l 3 b 1;file:Haller-02_PT04_165.djvu?djvuopts=&page=1&highlight=40,142,60,148;Haller-02_PT04_165 l 3 b 1; ※
021 l 3 b 2;file:Haller-02_PT04_165.djvu?djvuopts=&page=1&highlight=112,142,59,148;Haller-02_PT04_165 l 3 b 2; ※
021 l 3 b 3;file:Haller-02_PT04_165.djvu?djvuopts=&page=1&highlight=176,142,4,148;Haller-02_PT04_165 l 3 b 3; ※
021 l 3 b 4;file:Haller-02_PT04_165.djvu?djvuopts=&page=1&highlight=183,142,61,148;Haller-02_PT04_165 l 3 b 4; ※
021 l 3 b 5;file:Haller-02_PT04_165.djvu?djvuopts=&page=1&highlight=257,142,64,148;Haller-02_PT04_165 l 3 b 5; ※
021 l 3 b 6;file:Haller-02_PT04_165.djvu?djvuopts=&page=1&highlight=329,142,84,148;Haller-02_PT04_165 l 3 b 6; ※
021 l 3 b 7;file:Haller-02_PT04_165.djvu?djvuopts=&page=1&highlight=423,142,59,148;Haller-02_PT04_165 l 3 b 7; ※
021 l 3 b 8;file:Haller-02_PT04_165.djvu?djvuopts=&page=1&highlight=492,142,70,148;Haller-02_PT04_165 l 3 b 8; ※
021 l 3 b 9;file:Haller-02_PT04_165.djvu?djvuopts=&page=1&highlight=569,142,59,148;Haller-02_PT04_165 l 3 b 9; ※
021 l 3 b 10;file:Haller-02_PT04_165.djvu?djvuopts=&page=1&highlight=640,142,60,148;Haller-02_PT04_165 l 3 b 10; ※
021 l 3 b 11;file:Haller-02_PT04_165.djvu?djvuopts=&page=1&highlight=710,142,64,148;Haller-02_PT04_165 l 3 b 11; ※
021 l 3 b 12;file:Haller-02_PT04_165.djvu?djvuopts=&page=1&highlight=786,142,64,148;Haller-02_PT04_165 l 3 b 12; ※
021 l 3 b 13;file:Haller-02_PT04_165.djvu?djvuopts=&page=1&highlight=868,142,62,148;Haller-02_PT04_165 l 3 b 13; ※
021 l 3 b 14;file:Haller-02_PT04_165.djvu?djvuopts=&page=1&highlight=943,142,89,148;Haller-02_PT04_165 l 3 b 14; ※
021 l 3 b 15;file:Haller-02_PT04_165.djvu?djvuopts=&page=1&highlight=1049,142,84,148;Haller-02_PT04_165 l 3 b 15; ※
021 l 3 b 16;file:Haller-02_PT04_165.djvu?djvuopts=&page=1&highlight=1147,142,89,148;Haller-02_PT04_165 l 3 b 16; ※
021 l 3 b 17;file:Haller-02_PT04_165.djvu?djvuopts=&page=1&highlight=1253,142,51,148;Haller-02_PT04_165 l 3 b 17; ※
021 l 3 b 18;file:Haller-02_PT04_165.djvu?djvuopts=&page=1&highlight=1311,142,51,148;Haller-02_PT04_165 l 3 b 18; ※
021 l 3 b 19;file:Haller-02_PT04_165.djvu?djvuopts=&page=1&highlight=1372,142,36,148;Haller-02_PT04_165 l 3 b 19; ※
021 l 3 b 20;file:Haller-02_PT04_165.djvu?djvuopts=&page=1&highlight=1422,142,64,148;Haller-02_PT04_165 l 3 b 20; ※
021 l 3 b 21;file:Haller-02_PT04_165.djvu?djvuopts=&page=1&highlight=1498,142,66,148;Haller-02_PT04_165 l 3 b 21; ※
021 l 3 b 22;file:Haller-02_PT04_165.djvu?djvuopts=&page=1&highlight=1577,142,103,148;Haller-02_PT04_165 l 3 b 22; ※
021 l 3 b 23;file:Haller-02_PT04_165.djvu?djvuopts=&page=1&highlight=1687,142,100,148;Haller-02_PT04_165 l 3 b 23; ※
021 l 3 b 24;file:Haller-02_PT04_165.djvu?djvuopts=&page=1&highlight=1798,142,54,148;Haller-02_PT04_165 l 3 b 24; ※
021 l 3 b 25;file:Haller-02_PT04_165.djvu?djvuopts=&page=1&highlight=1862,142,81,148;Haller-02_PT04_165 l 3 b 25; ※
021 l 3 b 26;file:Haller-02_PT04_165.djvu?djvuopts=&page=1&highlight=1950,142,79,148;Haller-02_PT04_165 l 3 b 26; ※
021 l 3 b 27;file:Haller-02_PT04_165.djvu?djvuopts=&page=1&highlight=2034,142,2,148;Haller-02_PT04_165 l 3 b 27; ※
021 l 3 b 28;file:Haller-02_PT04_165.djvu?djvuopts=&page=1&highlight=2041,142,40,148;Haller-02_PT04_165 l 3 b 28; ※
021 l 3 b 29;file:Haller-02_PT04_165.djvu?djvuopts=&page=1&highlight=2095,142,42,148;Haller-02_PT04_165 l 3 b 29; ※
021 l 3 b 30;file:Haller-02_PT04_165.djvu?djvuopts=&page=1&highlight=2140,142,4,148;Haller-02_PT04_165 l 3 b 30; ※
021 l 3 b 31;file:Haller-02_PT04_165.djvu?djvuopts=&page=1&highlight=2150,142,46,148;Haller-02_PT04_165 l 3 b 31; ※
021 l 3 b 32;file:Haller-02_PT04_165.djvu?djvuopts=&page=1&highlight=2211,142,59,148;Haller-02_PT04_165 l 3 b 32; ※
021 l 3 b 33;file:Haller-02_PT04_165.djvu?djvuopts=&page=1&highlight=2283,142,58,148;Haller-02_PT04_165 l 3 b 33; ※
021 l 3 b 34;file:Haller-02_PT04_165.djvu?djvuopts=&page=1&highlight=2354,142,58,148;Haller-02_PT04_165 l 3 b 34; ※
021 l 3 b 35;file:Haller-02_PT04_165.djvu?djvuopts=&page=1&highlight=2427,142,52,148;Haller-02_PT04_165 l 3 b 35; ※
021 l 3 b 36;file:Haller-02_PT04_165.djvu?djvuopts=&page=1&highlight=2492,142,51,148;Haller-02_PT04_165 l 3 b 36; ※
021 l 3 b 37;file:Haller-02_PT04_165.djvu?djvuopts=&page=1&highlight=2556,142,40,148;Haller-02_PT04_165 l 3 b 37; ※
021 l 3 b 38;file:Haller-02_PT04_165.djvu?djvuopts=&page=1&highlight=2622,142,68,148;Haller-02_PT04_165 l 3 b 38; ※
021 l 3 b 39;file:Haller-02_PT04_165.djvu?djvuopts=&page=1&highlight=2703,142,72,148;Haller-02_PT04_165 l 3 b 39; ※
021 l 4 b 1;file:Haller-02_PT04_165.djvu?djvuopts=&page=1&highlight=40,18,62,110;Haller-02_PT04_165 l 4 b 1; ※
021 l 4 b 2;file:Haller-02_PT04_165.djvu?djvuopts=&page=1&highlight=117,18,63,110;Haller-02_PT04_165 l 4 b 2; ※
021 l 4 b 3;file:Haller-02_PT04_165.djvu?djvuopts=&page=1&highlight=189,18,44,110;Haller-02_PT04_165 l 4 b 3; ※
021 l 4 b 4;file:Haller-02_PT04_165.djvu?djvuopts=&page=1&highlight=265,18,45,110;Haller-02_PT04_165 l 4 b 4; ※
021 l 4 b 5;file:Haller-02_PT04_165.djvu?djvuopts=&page=1&highlight=327,18,32,110;Haller-02_PT04_165 l 4 b 5; ※
021 l 4 b 6;file:Haller-02_PT04_165.djvu?djvuopts=&page=1&highlight=370,18,32,110;Haller-02_PT04_165 l 4 b 6; ※
021 l 4 b 7;file:Haller-02_PT04_165.djvu?djvuopts=&page=1&highlight=419,18,29,110;Haller-02_PT04_165 l 4 b 7; ※
021 l 4 b 8;file:Haller-02_PT04_165.djvu?djvuopts=&page=1&highlight=464,18,28,110;Haller-02_PT04_165 l 4 b 8; ※
021 l 4 b 9;file:Haller-02_PT04_165.djvu?djvuopts=&page=1&highlight=533,18,57,110;Haller-02_PT04_165 l 4 b 9; ※
021 l 4 b 10;file:Haller-02_PT04_165.djvu?djvuopts=&page=1&highlight=599,18,75,110;Haller-02_PT04_165 l 4 b 10; ※
021 l 4 b 11;file:Haller-02_PT04_165.djvu?djvuopts=&page=1&highlight=689,18,88,110;Haller-02_PT04_165 l 4 b 11; ※
021 l 4 b 12;file:Haller-02_PT04_165.djvu?djvuopts=&page=1&highlight=791,18,62,110;Haller-02_PT04_165 l 4 b 12; ※
021 l 4 b 13;file:Haller-02_PT04_165.djvu?djvuopts=&page=1&highlight=866,18,74,110;Haller-02_PT04_165 l 4 b 13; ※
021 l 4 b 14;file:Haller-02_PT04_165.djvu?djvuopts=&page=1&highlight=1968,18,4,110;Haller-02_PT04_165 l 4 b 14; ※
021 l 4 b 15;file:Haller-02_PT04_165.djvu?djvuopts=&page=1&highlight=2465,18,2,110;Haller-02_PT04_165 l 4 b 15; ※
