041 l 1 b 1;file:Hochfeder-11_PT01_028.djvu?djvuopts=&page=1&highlight=59,507,122,164;Hochfeder-11_PT01_028 l 1 b 1; ※
041 l 1 b 2;file:Hochfeder-11_PT01_028.djvu?djvuopts=&page=1&highlight=193,507,156,164;Hochfeder-11_PT01_028 l 1 b 2; ※
041 l 1 b 3;file:Hochfeder-11_PT01_028.djvu?djvuopts=&page=1&highlight=367,507,109,164;Hochfeder-11_PT01_028 l 1 b 3; ※
041 l 1 b 4;file:Hochfeder-11_PT01_028.djvu?djvuopts=&page=1&highlight=493,507,122,164;Hochfeder-11_PT01_028 l 1 b 4; ※
041 l 1 b 5;file:Hochfeder-11_PT01_028.djvu?djvuopts=&page=1&highlight=627,507,138,164;Hochfeder-11_PT01_028 l 1 b 5; ※
041 l 1 b 6;file:Hochfeder-11_PT01_028.djvu?djvuopts=&page=1&highlight=780,507,115,164;Hochfeder-11_PT01_028 l 1 b 6; ※
041 l 1 b 7;file:Hochfeder-11_PT01_028.djvu?djvuopts=&page=1&highlight=908,507,119,164;Hochfeder-11_PT01_028 l 1 b 7; ※
041 l 1 b 8;file:Hochfeder-11_PT01_028.djvu?djvuopts=&page=1&highlight=1030,507,146,164;Hochfeder-11_PT01_028 l 1 b 8; ※
041 l 1 b 9;file:Hochfeder-11_PT01_028.djvu?djvuopts=&page=1&highlight=1197,507,26,164;Hochfeder-11_PT01_028 l 1 b 9; ※
041 l 1 b 10;file:Hochfeder-11_PT01_028.djvu?djvuopts=&page=1&highlight=1231,507,105,164;Hochfeder-11_PT01_028 l 1 b 10; ※
041 l 1 b 11;file:Hochfeder-11_PT01_028.djvu?djvuopts=&page=1&highlight=1347,507,93,164;Hochfeder-11_PT01_028 l 1 b 11; ※
041 l 1 b 12;file:Hochfeder-11_PT01_028.djvu?djvuopts=&page=1&highlight=1455,507,103,164;Hochfeder-11_PT01_028 l 1 b 12; ※
041 l 1 b 13;file:Hochfeder-11_PT01_028.djvu?djvuopts=&page=1&highlight=1572,507,109,164;Hochfeder-11_PT01_028 l 1 b 13; ※
041 l 1 b 14;file:Hochfeder-11_PT01_028.djvu?djvuopts=&page=1&highlight=1697,507,171,164;Hochfeder-11_PT01_028 l 1 b 14; ※
041 l 1 b 15;file:Hochfeder-11_PT01_028.djvu?djvuopts=&page=1&highlight=1877,507,42,164;Hochfeder-11_PT01_028 l 1 b 15; ※
041 l 1 b 16;file:Hochfeder-11_PT01_028.djvu?djvuopts=&page=1&highlight=1926,507,78,164;Hochfeder-11_PT01_028 l 1 b 16; ※
041 l 1 b 17;file:Hochfeder-11_PT01_028.djvu?djvuopts=&page=1&highlight=2018,507,144,164;Hochfeder-11_PT01_028 l 1 b 17; ※
041 l 1 b 18;file:Hochfeder-11_PT01_028.djvu?djvuopts=&page=1&highlight=2171,507,149,164;Hochfeder-11_PT01_028 l 1 b 18; ※
041 l 1 b 19;file:Hochfeder-11_PT01_028.djvu?djvuopts=&page=1&highlight=2334,507,281,164;Hochfeder-11_PT01_028 l 1 b 19; ※
041 l 1 b 20;file:Hochfeder-11_PT01_028.djvu?djvuopts=&page=1&highlight=2619,507,114,164;Hochfeder-11_PT01_028 l 1 b 20; ※
041 l 1 b 21;file:Hochfeder-11_PT01_028.djvu?djvuopts=&page=1&highlight=2751,507,141,164;Hochfeder-11_PT01_028 l 1 b 21; ※
041 l 1 b 22;file:Hochfeder-11_PT01_028.djvu?djvuopts=&page=1&highlight=2907,507,125,164;Hochfeder-11_PT01_028 l 1 b 22; ※
041 l 1 b 23;file:Hochfeder-11_PT01_028.djvu?djvuopts=&page=1&highlight=3041,507,150,164;Hochfeder-11_PT01_028 l 1 b 23; ※
041 l 1 b 24;file:Hochfeder-11_PT01_028.djvu?djvuopts=&page=1&highlight=3202,507,93,164;Hochfeder-11_PT01_028 l 1 b 24; ※
041 l 2 b 1;file:Hochfeder-11_PT01_028.djvu?djvuopts=&page=1&highlight=41,279,62,172;Hochfeder-11_PT01_028 l 2 b 1; ※
041 l 2 b 2;file:Hochfeder-11_PT01_028.djvu?djvuopts=&page=1&highlight=119,279,69,172;Hochfeder-11_PT01_028 l 2 b 2; ※
041 l 2 b 3;file:Hochfeder-11_PT01_028.djvu?djvuopts=&page=1&highlight=204,279,74,172;Hochfeder-11_PT01_028 l 2 b 3; ※
041 l 2 b 4;file:Hochfeder-11_PT01_028.djvu?djvuopts=&page=1&highlight=290,279,74,172;Hochfeder-11_PT01_028 l 2 b 4; ※
041 l 2 b 5;file:Hochfeder-11_PT01_028.djvu?djvuopts=&page=1&highlight=375,279,58,172;Hochfeder-11_PT01_028 l 2 b 5; ※
041 l 2 b 6;file:Hochfeder-11_PT01_028.djvu?djvuopts=&page=1&highlight=445,279,72,172;Hochfeder-11_PT01_028 l 2 b 6; ※
041 l 2 b 7;file:Hochfeder-11_PT01_028.djvu?djvuopts=&page=1&highlight=529,279,71,172;Hochfeder-11_PT01_028 l 2 b 7; ※
041 l 2 b 8;file:Hochfeder-11_PT01_028.djvu?djvuopts=&page=1&highlight=614,279,62,172;Hochfeder-11_PT01_028 l 2 b 8; ※
041 l 2 b 9;file:Hochfeder-11_PT01_028.djvu?djvuopts=&page=1&highlight=687,279,69,172;Hochfeder-11_PT01_028 l 2 b 9; ※
041 l 2 b 10;file:Hochfeder-11_PT01_028.djvu?djvuopts=&page=1&highlight=767,279,249,172;Hochfeder-11_PT01_028 l 2 b 10; ※
041 l 2 b 11;file:Hochfeder-11_PT01_028.djvu?djvuopts=&page=1&highlight=1025,279,79,172;Hochfeder-11_PT01_028 l 2 b 11; ※
041 l 2 b 12;file:Hochfeder-11_PT01_028.djvu?djvuopts=&page=1&highlight=1121,279,70,172;Hochfeder-11_PT01_028 l 2 b 12; ※
041 l 2 b 13;file:Hochfeder-11_PT01_028.djvu?djvuopts=&page=1&highlight=1208,279,70,172;Hochfeder-11_PT01_028 l 2 b 13; ※
041 l 2 b 14;file:Hochfeder-11_PT01_028.djvu?djvuopts=&page=1&highlight=1290,279,71,172;Hochfeder-11_PT01_028 l 2 b 14; ※
041 l 2 b 15;file:Hochfeder-11_PT01_028.djvu?djvuopts=&page=1&highlight=1377,279,40,172;Hochfeder-11_PT01_028 l 2 b 15; ※
041 l 2 b 16;file:Hochfeder-11_PT01_028.djvu?djvuopts=&page=1&highlight=1427,279,40,172;Hochfeder-11_PT01_028 l 2 b 16; ※
041 l 2 b 17;file:Hochfeder-11_PT01_028.djvu?djvuopts=&page=1&highlight=1480,279,75,172;Hochfeder-11_PT01_028 l 2 b 17; ※
041 l 2 b 18;file:Hochfeder-11_PT01_028.djvu?djvuopts=&page=1&highlight=1573,279,70,172;Hochfeder-11_PT01_028 l 2 b 18; ※
041 l 2 b 19;file:Hochfeder-11_PT01_028.djvu?djvuopts=&page=1&highlight=1662,279,29,172;Hochfeder-11_PT01_028 l 2 b 19; ※
041 l 2 b 20;file:Hochfeder-11_PT01_028.djvu?djvuopts=&page=1&highlight=1710,279,56,172;Hochfeder-11_PT01_028 l 2 b 20; ※
041 l 2 b 21;file:Hochfeder-11_PT01_028.djvu?djvuopts=&page=1&highlight=1778,279,116,172;Hochfeder-11_PT01_028 l 2 b 21; ※
041 l 2 b 22;file:Hochfeder-11_PT01_028.djvu?djvuopts=&page=1&highlight=1906,279,119,172;Hochfeder-11_PT01_028 l 2 b 22; ※
041 l 2 b 23;file:Hochfeder-11_PT01_028.djvu?djvuopts=&page=1&highlight=2041,279,74,172;Hochfeder-11_PT01_028 l 2 b 23; ※
041 l 2 b 24;file:Hochfeder-11_PT01_028.djvu?djvuopts=&page=1&highlight=2132,279,71,172;Hochfeder-11_PT01_028 l 2 b 24; ※
041 l 2 b 25;file:Hochfeder-11_PT01_028.djvu?djvuopts=&page=1&highlight=2220,279,71,172;Hochfeder-11_PT01_028 l 2 b 25; ※
041 l 2 b 26;file:Hochfeder-11_PT01_028.djvu?djvuopts=&page=1&highlight=2307,279,75,172;Hochfeder-11_PT01_028 l 2 b 26; ※
041 l 2 b 27;file:Hochfeder-11_PT01_028.djvu?djvuopts=&page=1&highlight=2397,279,72,172;Hochfeder-11_PT01_028 l 2 b 27; ※
041 l 2 b 28;file:Hochfeder-11_PT01_028.djvu?djvuopts=&page=1&highlight=2485,279,75,172;Hochfeder-11_PT01_028 l 2 b 28; ※
041 l 2 b 29;file:Hochfeder-11_PT01_028.djvu?djvuopts=&page=1&highlight=2578,279,82,172;Hochfeder-11_PT01_028 l 2 b 29; ※
041 l 2 b 30;file:Hochfeder-11_PT01_028.djvu?djvuopts=&page=1&highlight=2680,279,72,172;Hochfeder-11_PT01_028 l 2 b 30; ※
041 l 2 b 31;file:Hochfeder-11_PT01_028.djvu?djvuopts=&page=1&highlight=2765,279,95,172;Hochfeder-11_PT01_028 l 2 b 31; ※
041 l 2 b 32;file:Hochfeder-11_PT01_028.djvu?djvuopts=&page=1&highlight=2873,279,80,172;Hochfeder-11_PT01_028 l 2 b 32; ※
041 l 2 b 33;file:Hochfeder-11_PT01_028.djvu?djvuopts=&page=1&highlight=2959,279,86,172;Hochfeder-11_PT01_028 l 2 b 33; ※
041 l 2 b 34;file:Hochfeder-11_PT01_028.djvu?djvuopts=&page=1&highlight=3058,279,73,172;Hochfeder-11_PT01_028 l 2 b 34; ※
041 l 2 b 35;file:Hochfeder-11_PT01_028.djvu?djvuopts=&page=1&highlight=3142,279,75,172;Hochfeder-11_PT01_028 l 2 b 35; ※
041 l 2 b 36;file:Hochfeder-11_PT01_028.djvu?djvuopts=&page=1&highlight=3224,279,105,172;Hochfeder-11_PT01_028 l 2 b 36; ※
041 l 3 b 1;file:Hochfeder-11_PT01_028.djvu?djvuopts=&page=1&highlight=20,59,109,172;Hochfeder-11_PT01_028 l 3 b 1; ※
041 l 3 b 2;file:Hochfeder-11_PT01_028.djvu?djvuopts=&page=1&highlight=137,59,113,172;Hochfeder-11_PT01_028 l 3 b 2; ※
041 l 3 b 3;file:Hochfeder-11_PT01_028.djvu?djvuopts=&page=1&highlight=271,59,58,172;Hochfeder-11_PT01_028 l 3 b 3; ※
041 l 3 b 4;file:Hochfeder-11_PT01_028.djvu?djvuopts=&page=1&highlight=344,59,57,172;Hochfeder-11_PT01_028 l 3 b 4; ※
041 l 3 b 5;file:Hochfeder-11_PT01_028.djvu?djvuopts=&page=1&highlight=413,59,43,172;Hochfeder-11_PT01_028 l 3 b 5; ※
041 l 3 b 6;file:Hochfeder-11_PT01_028.djvu?djvuopts=&page=1&highlight=482,59,71,172;Hochfeder-11_PT01_028 l 3 b 6; ※
041 l 3 b 7;file:Hochfeder-11_PT01_028.djvu?djvuopts=&page=1&highlight=573,59,193,172;Hochfeder-11_PT01_028 l 3 b 7; ※
041 l 3 b 8;file:Hochfeder-11_PT01_028.djvu?djvuopts=&page=1&highlight=782,59,109,172;Hochfeder-11_PT01_028 l 3 b 8; ※
041 l 3 b 9;file:Hochfeder-11_PT01_028.djvu?djvuopts=&page=1&highlight=893,59,96,172;Hochfeder-11_PT01_028 l 3 b 9; ※
041 l 3 b 10;file:Hochfeder-11_PT01_028.djvu?djvuopts=&page=1&highlight=1008,59,74,172;Hochfeder-11_PT01_028 l 3 b 10; ※
041 l 3 b 11;file:Hochfeder-11_PT01_028.djvu?djvuopts=&page=1&highlight=1096,59,53,172;Hochfeder-11_PT01_028 l 3 b 11; ※
041 l 3 b 12;file:Hochfeder-11_PT01_028.djvu?djvuopts=&page=1&highlight=1163,59,78,172;Hochfeder-11_PT01_028 l 3 b 12; ※
041 l 3 b 13;file:Hochfeder-11_PT01_028.djvu?djvuopts=&page=1&highlight=1247,59,56,172;Hochfeder-11_PT01_028 l 3 b 13; ※
041 l 3 b 14;file:Hochfeder-11_PT01_028.djvu?djvuopts=&page=1&highlight=1316,59,76,172;Hochfeder-11_PT01_028 l 3 b 14; ※
041 l 3 b 15;file:Hochfeder-11_PT01_028.djvu?djvuopts=&page=1&highlight=1409,59,71,172;Hochfeder-11_PT01_028 l 3 b 15; ※
041 l 3 b 16;file:Hochfeder-11_PT01_028.djvu?djvuopts=&page=1&highlight=1501,59,60,172;Hochfeder-11_PT01_028 l 3 b 16; ※
041 l 3 b 17;file:Hochfeder-11_PT01_028.djvu?djvuopts=&page=1&highlight=1576,59,78,172;Hochfeder-11_PT01_028 l 3 b 17; ※
041 l 3 b 18;file:Hochfeder-11_PT01_028.djvu?djvuopts=&page=1&highlight=1672,59,58,172;Hochfeder-11_PT01_028 l 3 b 18; ※
041 l 3 b 19;file:Hochfeder-11_PT01_028.djvu?djvuopts=&page=1&highlight=1746,59,67,172;Hochfeder-11_PT01_028 l 3 b 19; ※
041 l 3 b 20;file:Hochfeder-11_PT01_028.djvu?djvuopts=&page=1&highlight=1825,59,52,172;Hochfeder-11_PT01_028 l 3 b 20; ※
041 l 3 b 21;file:Hochfeder-11_PT01_028.djvu?djvuopts=&page=1&highlight=1971,59,72,172;Hochfeder-11_PT01_028 l 3 b 21; ※
041 l 3 b 22;file:Hochfeder-11_PT01_028.djvu?djvuopts=&page=1&highlight=2061,59,66,172;Hochfeder-11_PT01_028 l 3 b 22; ※
041 l 3 b 23;file:Hochfeder-11_PT01_028.djvu?djvuopts=&page=1&highlight=2144,59,79,172;Hochfeder-11_PT01_028 l 3 b 23; ※
041 l 3 b 24;file:Hochfeder-11_PT01_028.djvu?djvuopts=&page=1&highlight=2239,59,56,172;Hochfeder-11_PT01_028 l 3 b 24; ※
041 l 3 b 25;file:Hochfeder-11_PT01_028.djvu?djvuopts=&page=1&highlight=2374,59,36,172;Hochfeder-11_PT01_028 l 3 b 25; ※
041 l 3 b 26;file:Hochfeder-11_PT01_028.djvu?djvuopts=&page=1&highlight=2431,59,32,172;Hochfeder-11_PT01_028 l 3 b 26; ※
041 l 3 b 27;file:Hochfeder-11_PT01_028.djvu?djvuopts=&page=1&highlight=2495,59,27,172;Hochfeder-11_PT01_028 l 3 b 27; ※
041 l 3 b 28;file:Hochfeder-11_PT01_028.djvu?djvuopts=&page=1&highlight=2597,59,130,172;Hochfeder-11_PT01_028 l 3 b 28; ※
041 l 3 b 29;file:Hochfeder-11_PT01_028.djvu?djvuopts=&page=1&highlight=2767,59,85,172;Hochfeder-11_PT01_028 l 3 b 29; ※
041 l 3 b 30;file:Hochfeder-11_PT01_028.djvu?djvuopts=&page=1&highlight=2855,59,112,172;Hochfeder-11_PT01_028 l 3 b 30; ※
041 l 3 b 31;file:Hochfeder-11_PT01_028.djvu?djvuopts=&page=1&highlight=2979,59,133,172;Hochfeder-11_PT01_028 l 3 b 31; ※
041 l 3 b 32;file:Hochfeder-11_PT01_028.djvu?djvuopts=&page=1&highlight=3126,59,95,172;Hochfeder-11_PT01_028 l 3 b 32; ※
041 l 3 b 33;file:Hochfeder-11_PT01_028.djvu?djvuopts=&page=1&highlight=3230,59,103,172;Hochfeder-11_PT01_028 l 3 b 33; ※
