085 l 1 b 1;file:Wirzbięta-11+11a_PT11_564.djvu?djvuopts=&page=1&highlight=0,245,121,163;Wirzbięta-11+11a_PT11_564 l 1 b 1; ※
085 l 1 b 2;file:Wirzbięta-11+11a_PT11_564.djvu?djvuopts=&page=1&highlight=141,245,153,163;Wirzbięta-11+11a_PT11_564 l 1 b 2; ※
085 l 1 b 3;file:Wirzbięta-11+11a_PT11_564.djvu?djvuopts=&page=1&highlight=306,245,98,163;Wirzbięta-11+11a_PT11_564 l 1 b 3; ※
085 l 1 b 4;file:Wirzbięta-11+11a_PT11_564.djvu?djvuopts=&page=1&highlight=422,245,113,163;Wirzbięta-11+11a_PT11_564 l 1 b 4; ※
085 l 1 b 5;file:Wirzbięta-11+11a_PT11_564.djvu?djvuopts=&page=1&highlight=544,245,124,163;Wirzbięta-11+11a_PT11_564 l 1 b 5; ※
085 l 1 b 6;file:Wirzbięta-11+11a_PT11_564.djvu?djvuopts=&page=1&highlight=690,245,103,163;Wirzbięta-11+11a_PT11_564 l 1 b 6; ※
085 l 1 b 7;file:Wirzbięta-11+11a_PT11_564.djvu?djvuopts=&page=1&highlight=812,245,92,163;Wirzbięta-11+11a_PT11_564 l 1 b 7; ※
085 l 1 b 8;file:Wirzbięta-11+11a_PT11_564.djvu?djvuopts=&page=1&highlight=922,245,112,163;Wirzbięta-11+11a_PT11_564 l 1 b 8; ※
085 l 1 b 9;file:Wirzbięta-11+11a_PT11_564.djvu?djvuopts=&page=1&highlight=1044,245,119,163;Wirzbięta-11+11a_PT11_564 l 1 b 9; ※
085 l 1 b 10;file:Wirzbięta-11+11a_PT11_564.djvu?djvuopts=&page=1&highlight=1184,245,52,163;Wirzbięta-11+11a_PT11_564 l 1 b 10; ※
085 l 1 b 11;file:Wirzbięta-11+11a_PT11_564.djvu?djvuopts=&page=1&highlight=1258,245,124,163;Wirzbięta-11+11a_PT11_564 l 1 b 11; ※
085 l 1 b 12;file:Wirzbięta-11+11a_PT11_564.djvu?djvuopts=&page=1&highlight=1395,245,108,163;Wirzbięta-11+11a_PT11_564 l 1 b 12; ※
085 l 1 b 13;file:Wirzbięta-11+11a_PT11_564.djvu?djvuopts=&page=1&highlight=1519,245,149,163;Wirzbięta-11+11a_PT11_564 l 1 b 13; ※
085 l 1 b 14;file:Wirzbięta-11+11a_PT11_564.djvu?djvuopts=&page=1&highlight=1691,245,121,163;Wirzbięta-11+11a_PT11_564 l 1 b 14; ※
085 l 1 b 15;file:Wirzbięta-11+11a_PT11_564.djvu?djvuopts=&page=1&highlight=1833,245,133,163;Wirzbięta-11+11a_PT11_564 l 1 b 15; ※
085 l 1 b 16;file:Wirzbięta-11+11a_PT11_564.djvu?djvuopts=&page=1&highlight=1986,245,91,163;Wirzbięta-11+11a_PT11_564 l 1 b 16; ※
085 l 1 b 17;file:Wirzbięta-11+11a_PT11_564.djvu?djvuopts=&page=1&highlight=2099,245,151,163;Wirzbięta-11+11a_PT11_564 l 1 b 17; ※
085 l 1 b 18;file:Wirzbięta-11+11a_PT11_564.djvu?djvuopts=&page=1&highlight=2263,245,118,163;Wirzbięta-11+11a_PT11_564 l 1 b 18; ※
085 l 1 b 19;file:Wirzbięta-11+11a_PT11_564.djvu?djvuopts=&page=1&highlight=2408,245,71,163;Wirzbięta-11+11a_PT11_564 l 1 b 19; ※
085 l 1 b 20;file:Wirzbięta-11+11a_PT11_564.djvu?djvuopts=&page=1&highlight=2497,245,118,163;Wirzbięta-11+11a_PT11_564 l 1 b 20; ※
085 l 1 b 21;file:Wirzbięta-11+11a_PT11_564.djvu?djvuopts=&page=1&highlight=2634,245,115,163;Wirzbięta-11+11a_PT11_564 l 1 b 21; ※
085 l 2 b 1;file:Wirzbięta-11+11a_PT11_564.djvu?djvuopts=&page=1&highlight=299,71,5,146;Wirzbięta-11+11a_PT11_564 l 2 b 1; ※
085 l 2 b 2;file:Wirzbięta-11+11a_PT11_564.djvu?djvuopts=&page=1&highlight=592,71,175,146;Wirzbięta-11+11a_PT11_564 l 2 b 2; ※
085 l 2 b 3;file:Wirzbięta-11+11a_PT11_564.djvu?djvuopts=&page=1&highlight=786,71,138,146;Wirzbięta-11+11a_PT11_564 l 2 b 3; ※
085 l 2 b 4;file:Wirzbięta-11+11a_PT11_564.djvu?djvuopts=&page=1&highlight=935,71,114,146;Wirzbięta-11+11a_PT11_564 l 2 b 4; ※
085 l 2 b 5;file:Wirzbięta-11+11a_PT11_564.djvu?djvuopts=&page=1&highlight=1069,71,109,146;Wirzbięta-11+11a_PT11_564 l 2 b 5; ※
085 l 2 b 6;file:Wirzbięta-11+11a_PT11_564.djvu?djvuopts=&page=1&highlight=1343,71,53,146;Wirzbięta-11+11a_PT11_564 l 2 b 6; ※
085 l 2 b 7;file:Wirzbięta-11+11a_PT11_564.djvu?djvuopts=&page=1&highlight=1457,71,32,146;Wirzbięta-11+11a_PT11_564 l 2 b 7; ※
085 l 2 b 8;file:Wirzbięta-11+11a_PT11_564.djvu?djvuopts=&page=1&highlight=1656,71,101,146;Wirzbięta-11+11a_PT11_564 l 2 b 8; ※
085 l 2 b 9;file:Wirzbięta-11+11a_PT11_564.djvu?djvuopts=&page=1&highlight=1777,71,135,146;Wirzbięta-11+11a_PT11_564 l 2 b 9; ※
085 l 2 b 10;file:Wirzbięta-11+11a_PT11_564.djvu?djvuopts=&page=1&highlight=1934,71,119,146;Wirzbięta-11+11a_PT11_564 l 2 b 10; ※
085 l 2 b 11;file:Wirzbięta-11+11a_PT11_564.djvu?djvuopts=&page=1&highlight=2075,71,107,146;Wirzbięta-11+11a_PT11_564 l 2 b 11; ※
