033 l 1 b 1;file:Hochfeder-02_PT01_020bis.djvu?djvuopts=&page=1&highlight=49,683,109,158;Hochfeder-02_PT01_020bis l 1 b 1; ※
033 l 1 b 2;file:Hochfeder-02_PT01_020bis.djvu?djvuopts=&page=1&highlight=177,683,138,158;Hochfeder-02_PT01_020bis l 1 b 2; ※
033 l 1 b 3;file:Hochfeder-02_PT01_020bis.djvu?djvuopts=&page=1&highlight=330,683,81,158;Hochfeder-02_PT01_020bis l 1 b 3; ※
033 l 1 b 4;file:Hochfeder-02_PT01_020bis.djvu?djvuopts=&page=1&highlight=424,683,115,158;Hochfeder-02_PT01_020bis l 1 b 4; ※
033 l 1 b 5;file:Hochfeder-02_PT01_020bis.djvu?djvuopts=&page=1&highlight=557,683,133,158;Hochfeder-02_PT01_020bis l 1 b 5; ※
033 l 1 b 6;file:Hochfeder-02_PT01_020bis.djvu?djvuopts=&page=1&highlight=702,683,90,158;Hochfeder-02_PT01_020bis l 1 b 6; ※
033 l 1 b 7;file:Hochfeder-02_PT01_020bis.djvu?djvuopts=&page=1&highlight=817,683,99,158;Hochfeder-02_PT01_020bis l 1 b 7; ※
033 l 1 b 8;file:Hochfeder-02_PT01_020bis.djvu?djvuopts=&page=1&highlight=923,683,140,158;Hochfeder-02_PT01_020bis l 1 b 8; ※
033 l 1 b 9;file:Hochfeder-02_PT01_020bis.djvu?djvuopts=&page=1&highlight=1080,683,125,158;Hochfeder-02_PT01_020bis l 1 b 9; ※
033 l 1 b 10;file:Hochfeder-02_PT01_020bis.djvu?djvuopts=&page=1&highlight=1214,683,90,158;Hochfeder-02_PT01_020bis l 1 b 10; ※
033 l 1 b 11;file:Hochfeder-02_PT01_020bis.djvu?djvuopts=&page=1&highlight=1326,683,93,158;Hochfeder-02_PT01_020bis l 1 b 11; ※
033 l 1 b 12;file:Hochfeder-02_PT01_020bis.djvu?djvuopts=&page=1&highlight=1435,683,68,158;Hochfeder-02_PT01_020bis l 1 b 12; ※
033 l 1 b 13;file:Hochfeder-02_PT01_020bis.djvu?djvuopts=&page=1&highlight=1508,683,81,158;Hochfeder-02_PT01_020bis l 1 b 13; ※
033 l 1 b 14;file:Hochfeder-02_PT01_020bis.djvu?djvuopts=&page=1&highlight=1595,683,125,158;Hochfeder-02_PT01_020bis l 1 b 14; ※
033 l 1 b 15;file:Hochfeder-02_PT01_020bis.djvu?djvuopts=&page=1&highlight=1738,683,132,158;Hochfeder-02_PT01_020bis l 1 b 15; ※
033 l 1 b 16;file:Hochfeder-02_PT01_020bis.djvu?djvuopts=&page=1&highlight=1888,683,113,158;Hochfeder-02_PT01_020bis l 1 b 16; ※
033 l 1 b 17;file:Hochfeder-02_PT01_020bis.djvu?djvuopts=&page=1&highlight=2015,683,139,158;Hochfeder-02_PT01_020bis l 1 b 17; ※
033 l 1 b 18;file:Hochfeder-02_PT01_020bis.djvu?djvuopts=&page=1&highlight=2173,683,159,158;Hochfeder-02_PT01_020bis l 1 b 18; ※
033 l 1 b 19;file:Hochfeder-02_PT01_020bis.djvu?djvuopts=&page=1&highlight=2347,683,168,158;Hochfeder-02_PT01_020bis l 1 b 19; ※
033 l 1 b 20;file:Hochfeder-02_PT01_020bis.djvu?djvuopts=&page=1&highlight=2533,683,121,158;Hochfeder-02_PT01_020bis l 1 b 20; ※
033 l 1 b 21;file:Hochfeder-02_PT01_020bis.djvu?djvuopts=&page=1&highlight=2671,683,128,158;Hochfeder-02_PT01_020bis l 1 b 21; ※
033 l 1 b 22;file:Hochfeder-02_PT01_020bis.djvu?djvuopts=&page=1&highlight=2817,683,117,158;Hochfeder-02_PT01_020bis l 1 b 22; ※
033 l 1 b 23;file:Hochfeder-02_PT01_020bis.djvu?djvuopts=&page=1&highlight=2953,683,123,158;Hochfeder-02_PT01_020bis l 1 b 23; ※
033 l 1 b 24;file:Hochfeder-02_PT01_020bis.djvu?djvuopts=&page=1&highlight=3098,683,98,158;Hochfeder-02_PT01_020bis l 1 b 24; ※
033 l 2 b 1;file:Hochfeder-02_PT01_020bis.djvu?djvuopts=&page=1&highlight=31,470,56,175;Hochfeder-02_PT01_020bis l 2 b 1; ※
033 l 2 b 2;file:Hochfeder-02_PT01_020bis.djvu?djvuopts=&page=1&highlight=102,470,61,175;Hochfeder-02_PT01_020bis l 2 b 2; ※
033 l 2 b 3;file:Hochfeder-02_PT01_020bis.djvu?djvuopts=&page=1&highlight=177,470,65,175;Hochfeder-02_PT01_020bis l 2 b 3; ※
033 l 2 b 4;file:Hochfeder-02_PT01_020bis.djvu?djvuopts=&page=1&highlight=258,470,65,175;Hochfeder-02_PT01_020bis l 2 b 4; ※
033 l 2 b 5;file:Hochfeder-02_PT01_020bis.djvu?djvuopts=&page=1&highlight=335,470,75,175;Hochfeder-02_PT01_020bis l 2 b 5; ※
033 l 2 b 6;file:Hochfeder-02_PT01_020bis.djvu?djvuopts=&page=1&highlight=424,470,48,175;Hochfeder-02_PT01_020bis l 2 b 6; ※
033 l 2 b 7;file:Hochfeder-02_PT01_020bis.djvu?djvuopts=&page=1&highlight=488,470,59,175;Hochfeder-02_PT01_020bis l 2 b 7; ※
033 l 2 b 8;file:Hochfeder-02_PT01_020bis.djvu?djvuopts=&page=1&highlight=552,470,64,175;Hochfeder-02_PT01_020bis l 2 b 8; ※
033 l 2 b 9;file:Hochfeder-02_PT01_020bis.djvu?djvuopts=&page=1&highlight=633,470,68,175;Hochfeder-02_PT01_020bis l 2 b 9; ※
033 l 2 b 10;file:Hochfeder-02_PT01_020bis.djvu?djvuopts=&page=1&highlight=717,470,65,175;Hochfeder-02_PT01_020bis l 2 b 10; ※
033 l 2 b 11;file:Hochfeder-02_PT01_020bis.djvu?djvuopts=&page=1&highlight=799,470,115,175;Hochfeder-02_PT01_020bis l 2 b 11; ※
033 l 2 b 12;file:Hochfeder-02_PT01_020bis.djvu?djvuopts=&page=1&highlight=932,470,126,175;Hochfeder-02_PT01_020bis l 2 b 12; ※
033 l 2 b 13;file:Hochfeder-02_PT01_020bis.djvu?djvuopts=&page=1&highlight=1075,470,48,175;Hochfeder-02_PT01_020bis l 2 b 13; ※
033 l 2 b 14;file:Hochfeder-02_PT01_020bis.djvu?djvuopts=&page=1&highlight=1140,470,54,175;Hochfeder-02_PT01_020bis l 2 b 14; ※
033 l 2 b 15;file:Hochfeder-02_PT01_020bis.djvu?djvuopts=&page=1&highlight=1209,470,54,175;Hochfeder-02_PT01_020bis l 2 b 15; ※
033 l 2 b 16;file:Hochfeder-02_PT01_020bis.djvu?djvuopts=&page=1&highlight=1280,470,51,175;Hochfeder-02_PT01_020bis l 2 b 16; ※
033 l 2 b 17;file:Hochfeder-02_PT01_020bis.djvu?djvuopts=&page=1&highlight=1345,470,232,175;Hochfeder-02_PT01_020bis l 2 b 17; ※
033 l 2 b 18;file:Hochfeder-02_PT01_020bis.djvu?djvuopts=&page=1&highlight=1595,470,75,175;Hochfeder-02_PT01_020bis l 2 b 18; ※
033 l 2 b 19;file:Hochfeder-02_PT01_020bis.djvu?djvuopts=&page=1&highlight=1678,470,77,175;Hochfeder-02_PT01_020bis l 2 b 19; ※
033 l 2 b 20;file:Hochfeder-02_PT01_020bis.djvu?djvuopts=&page=1&highlight=1767,470,74,175;Hochfeder-02_PT01_020bis l 2 b 20; ※
033 l 2 b 21;file:Hochfeder-02_PT01_020bis.djvu?djvuopts=&page=1&highlight=1857,470,82,175;Hochfeder-02_PT01_020bis l 2 b 21; ※
033 l 2 b 22;file:Hochfeder-02_PT01_020bis.djvu?djvuopts=&page=1&highlight=1950,470,72,175;Hochfeder-02_PT01_020bis l 2 b 22; ※
033 l 2 b 23;file:Hochfeder-02_PT01_020bis.djvu?djvuopts=&page=1&highlight=2031,470,71,175;Hochfeder-02_PT01_020bis l 2 b 23; ※
033 l 2 b 24;file:Hochfeder-02_PT01_020bis.djvu?djvuopts=&page=1&highlight=2113,470,73,175;Hochfeder-02_PT01_020bis l 2 b 24; ※
033 l 2 b 25;file:Hochfeder-02_PT01_020bis.djvu?djvuopts=&page=1&highlight=2200,470,74,175;Hochfeder-02_PT01_020bis l 2 b 25; ※
033 l 2 b 26;file:Hochfeder-02_PT01_020bis.djvu?djvuopts=&page=1&highlight=2287,470,34,175;Hochfeder-02_PT01_020bis l 2 b 26; ※
033 l 2 b 27;file:Hochfeder-02_PT01_020bis.djvu?djvuopts=&page=1&highlight=2335,470,43,175;Hochfeder-02_PT01_020bis l 2 b 27; ※
033 l 2 b 28;file:Hochfeder-02_PT01_020bis.djvu?djvuopts=&page=1&highlight=2392,470,61,175;Hochfeder-02_PT01_020bis l 2 b 28; ※
033 l 2 b 29;file:Hochfeder-02_PT01_020bis.djvu?djvuopts=&page=1&highlight=2470,470,24,175;Hochfeder-02_PT01_020bis l 2 b 29; ※
033 l 2 b 30;file:Hochfeder-02_PT01_020bis.djvu?djvuopts=&page=1&highlight=2496,470,32,175;Hochfeder-02_PT01_020bis l 2 b 30; ※
033 l 2 b 31;file:Hochfeder-02_PT01_020bis.djvu?djvuopts=&page=1&highlight=2545,470,32,175;Hochfeder-02_PT01_020bis l 2 b 31; ※
033 l 2 b 32;file:Hochfeder-02_PT01_020bis.djvu?djvuopts=&page=1&highlight=2592,470,30,175;Hochfeder-02_PT01_020bis l 2 b 32; ※
033 l 2 b 33;file:Hochfeder-02_PT01_020bis.djvu?djvuopts=&page=1&highlight=2635,470,57,175;Hochfeder-02_PT01_020bis l 2 b 33; ※
033 l 2 b 34;file:Hochfeder-02_PT01_020bis.djvu?djvuopts=&page=1&highlight=2700,470,112,175;Hochfeder-02_PT01_020bis l 2 b 34; ※
033 l 2 b 35;file:Hochfeder-02_PT01_020bis.djvu?djvuopts=&page=1&highlight=2825,470,106,175;Hochfeder-02_PT01_020bis l 2 b 35; ※
033 l 2 b 36;file:Hochfeder-02_PT01_020bis.djvu?djvuopts=&page=1&highlight=2944,470,106,175;Hochfeder-02_PT01_020bis l 2 b 36; ※
033 l 2 b 37;file:Hochfeder-02_PT01_020bis.djvu?djvuopts=&page=1&highlight=3065,470,64,175;Hochfeder-02_PT01_020bis l 2 b 37; ※
033 l 2 b 38;file:Hochfeder-02_PT01_020bis.djvu?djvuopts=&page=1&highlight=3141,470,64,175;Hochfeder-02_PT01_020bis l 2 b 38; ※
033 l 3 b 1;file:Hochfeder-02_PT01_020bis.djvu?djvuopts=&page=1&highlight=17,269,67,167;Hochfeder-02_PT01_020bis l 3 b 1; ※
033 l 3 b 2;file:Hochfeder-02_PT01_020bis.djvu?djvuopts=&page=1&highlight=94,269,70,167;Hochfeder-02_PT01_020bis l 3 b 2; ※
033 l 3 b 3;file:Hochfeder-02_PT01_020bis.djvu?djvuopts=&page=1&highlight=175,269,71,167;Hochfeder-02_PT01_020bis l 3 b 3; ※
033 l 3 b 4;file:Hochfeder-02_PT01_020bis.djvu?djvuopts=&page=1&highlight=257,269,71,167;Hochfeder-02_PT01_020bis l 3 b 4; ※
033 l 3 b 5;file:Hochfeder-02_PT01_020bis.djvu?djvuopts=&page=1&highlight=332,269,72,167;Hochfeder-02_PT01_020bis l 3 b 5; ※
033 l 3 b 6;file:Hochfeder-02_PT01_020bis.djvu?djvuopts=&page=1&highlight=411,269,75,167;Hochfeder-02_PT01_020bis l 3 b 6; ※
033 l 3 b 7;file:Hochfeder-02_PT01_020bis.djvu?djvuopts=&page=1&highlight=496,269,80,167;Hochfeder-02_PT01_020bis l 3 b 7; ※
033 l 3 b 8;file:Hochfeder-02_PT01_020bis.djvu?djvuopts=&page=1&highlight=586,269,69,167;Hochfeder-02_PT01_020bis l 3 b 8; ※
033 l 3 b 9;file:Hochfeder-02_PT01_020bis.djvu?djvuopts=&page=1&highlight=671,269,73,167;Hochfeder-02_PT01_020bis l 3 b 9; ※
033 l 3 b 10;file:Hochfeder-02_PT01_020bis.djvu?djvuopts=&page=1&highlight=756,269,245,167;Hochfeder-02_PT01_020bis l 3 b 10; ※
033 l 3 b 11;file:Hochfeder-02_PT01_020bis.djvu?djvuopts=&page=1&highlight=1013,269,69,167;Hochfeder-02_PT01_020bis l 3 b 11; ※
033 l 3 b 12;file:Hochfeder-02_PT01_020bis.djvu?djvuopts=&page=1&highlight=1094,269,73,167;Hochfeder-02_PT01_020bis l 3 b 12; ※
033 l 3 b 13;file:Hochfeder-02_PT01_020bis.djvu?djvuopts=&page=1&highlight=1174,269,72,167;Hochfeder-02_PT01_020bis l 3 b 13; ※
033 l 3 b 14;file:Hochfeder-02_PT01_020bis.djvu?djvuopts=&page=1&highlight=1262,269,75,167;Hochfeder-02_PT01_020bis l 3 b 14; ※
033 l 3 b 15;file:Hochfeder-02_PT01_020bis.djvu?djvuopts=&page=1&highlight=1351,269,63,167;Hochfeder-02_PT01_020bis l 3 b 15; ※
033 l 3 b 16;file:Hochfeder-02_PT01_020bis.djvu?djvuopts=&page=1&highlight=1431,269,103,167;Hochfeder-02_PT01_020bis l 3 b 16; ※
033 l 3 b 17;file:Hochfeder-02_PT01_020bis.djvu?djvuopts=&page=1&highlight=1545,269,107,167;Hochfeder-02_PT01_020bis l 3 b 17; ※
033 l 3 b 18;file:Hochfeder-02_PT01_020bis.djvu?djvuopts=&page=1&highlight=1667,269,114,167;Hochfeder-02_PT01_020bis l 3 b 18; ※
033 l 3 b 19;file:Hochfeder-02_PT01_020bis.djvu?djvuopts=&page=1&highlight=1794,269,48,167;Hochfeder-02_PT01_020bis l 3 b 19; ※
033 l 3 b 20;file:Hochfeder-02_PT01_020bis.djvu?djvuopts=&page=1&highlight=1851,269,52,167;Hochfeder-02_PT01_020bis l 3 b 20; ※
033 l 3 b 21;file:Hochfeder-02_PT01_020bis.djvu?djvuopts=&page=1&highlight=1914,269,41,167;Hochfeder-02_PT01_020bis l 3 b 21; ※
033 l 3 b 22;file:Hochfeder-02_PT01_020bis.djvu?djvuopts=&page=1&highlight=1968,269,49,167;Hochfeder-02_PT01_020bis l 3 b 22; ※
033 l 3 b 23;file:Hochfeder-02_PT01_020bis.djvu?djvuopts=&page=1&highlight=2027,269,66,167;Hochfeder-02_PT01_020bis l 3 b 23; ※
033 l 3 b 24;file:Hochfeder-02_PT01_020bis.djvu?djvuopts=&page=1&highlight=2107,269,59,167;Hochfeder-02_PT01_020bis l 3 b 24; ※
033 l 3 b 25;file:Hochfeder-02_PT01_020bis.djvu?djvuopts=&page=1&highlight=2170,269,110,167;Hochfeder-02_PT01_020bis l 3 b 25; ※
033 l 3 b 26;file:Hochfeder-02_PT01_020bis.djvu?djvuopts=&page=1&highlight=2290,269,115,167;Hochfeder-02_PT01_020bis l 3 b 26; ※
033 l 3 b 27;file:Hochfeder-02_PT01_020bis.djvu?djvuopts=&page=1&highlight=2422,269,95,167;Hochfeder-02_PT01_020bis l 3 b 27; ※
033 l 3 b 28;file:Hochfeder-02_PT01_020bis.djvu?djvuopts=&page=1&highlight=2523,269,81,167;Hochfeder-02_PT01_020bis l 3 b 28; ※
033 l 3 b 29;file:Hochfeder-02_PT01_020bis.djvu?djvuopts=&page=1&highlight=2620,269,61,167;Hochfeder-02_PT01_020bis l 3 b 29; ※
033 l 3 b 30;file:Hochfeder-02_PT01_020bis.djvu?djvuopts=&page=1&highlight=2699,269,44,167;Hochfeder-02_PT01_020bis l 3 b 30; ※
033 l 3 b 31;file:Hochfeder-02_PT01_020bis.djvu?djvuopts=&page=1&highlight=2763,269,72,167;Hochfeder-02_PT01_020bis l 3 b 31; ※
033 l 3 b 32;file:Hochfeder-02_PT01_020bis.djvu?djvuopts=&page=1&highlight=2843,269,67,167;Hochfeder-02_PT01_020bis l 3 b 32; ※
033 l 3 b 33;file:Hochfeder-02_PT01_020bis.djvu?djvuopts=&page=1&highlight=2922,269,79,167;Hochfeder-02_PT01_020bis l 3 b 33; ※
033 l 3 b 34;file:Hochfeder-02_PT01_020bis.djvu?djvuopts=&page=1&highlight=3017,269,53,167;Hochfeder-02_PT01_020bis l 3 b 34; ※
033 l 3 b 35;file:Hochfeder-02_PT01_020bis.djvu?djvuopts=&page=1&highlight=3088,269,60,167;Hochfeder-02_PT01_020bis l 3 b 35; ※
033 l 3 b 36;file:Hochfeder-02_PT01_020bis.djvu?djvuopts=&page=1&highlight=3163,269,53,167;Hochfeder-02_PT01_020bis l 3 b 36; ※
033 l 4 b 1;file:Hochfeder-02_PT01_020bis.djvu?djvuopts=&page=1&highlight=1092,74,77,150;Hochfeder-02_PT01_020bis l 4 b 1; ※
033 l 4 b 2;file:Hochfeder-02_PT01_020bis.djvu?djvuopts=&page=1&highlight=1182,74,76,150;Hochfeder-02_PT01_020bis l 4 b 2; ※
033 l 4 b 3;file:Hochfeder-02_PT01_020bis.djvu?djvuopts=&page=1&highlight=1280,74,73,150;Hochfeder-02_PT01_020bis l 4 b 3; ※
033 l 4 b 4;file:Hochfeder-02_PT01_020bis.djvu?djvuopts=&page=1&highlight=1380,74,35,150;Hochfeder-02_PT01_020bis l 4 b 4; ※
033 l 4 b 5;file:Hochfeder-02_PT01_020bis.djvu?djvuopts=&page=1&highlight=1446,74,87,150;Hochfeder-02_PT01_020bis l 4 b 5; ※
033 l 4 b 6;file:Hochfeder-02_PT01_020bis.djvu?djvuopts=&page=1&highlight=1562,74,56,150;Hochfeder-02_PT01_020bis l 4 b 6; ※
033 l 4 b 7;file:Hochfeder-02_PT01_020bis.djvu?djvuopts=&page=1&highlight=1708,74,34,150;Hochfeder-02_PT01_020bis l 4 b 7; ※
033 l 4 b 8;file:Hochfeder-02_PT01_020bis.djvu?djvuopts=&page=1&highlight=1774,74,28,150;Hochfeder-02_PT01_020bis l 4 b 8; ※
033 l 4 b 9;file:Hochfeder-02_PT01_020bis.djvu?djvuopts=&page=1&highlight=1837,74,33,150;Hochfeder-02_PT01_020bis l 4 b 9; ※
033 l 4 b 10;file:Hochfeder-02_PT01_020bis.djvu?djvuopts=&page=1&highlight=1897,74,35,150;Hochfeder-02_PT01_020bis l 4 b 10; ※
033 l 4 b 11;file:Hochfeder-02_PT01_020bis.djvu?djvuopts=&page=1&highlight=1966,74,53,150;Hochfeder-02_PT01_020bis l 4 b 11; ※
033 l 4 b 12;file:Hochfeder-02_PT01_020bis.djvu?djvuopts=&page=1&highlight=2050,74,34,150;Hochfeder-02_PT01_020bis l 4 b 12; ※
033 l 4 b 13;file:Hochfeder-02_PT01_020bis.djvu?djvuopts=&page=1&highlight=2114,74,30,150;Hochfeder-02_PT01_020bis l 4 b 13; ※
